y1,y2,y3,y4,y5,y6,y7,y8,y9,y10
0,0,0,0,0,0,0,0,0,0
1.2926304308329555,0.28103126816919549,-0.012288155606272704,0.96984418024767749,0.03731858660684003,0.97496207852662908,-1.6143526092178571,-0.18542449878508052,0.6561210351380683,-0.018824637818325499
2.1739763929530338,1.3518443484244194,-1.2722305378612249,0.51429177315608943,-0.88088057499009842,-0.80630118515370552,-0.096486981157490104,1.6178438698093061,0.91779480861240215,0.023958327293921673
3.0223145831833298,1.7305640310181596,-0.17019727388994677,0.72712786025979326,-0.64642781971143548,-0.22823499840331907,1.0235874232686177,-0.65506516072176413,2.6872917872541384,-1.1053543253843519
3.0986643470112734,-0.31665686957027528,-0.85590099224538418,-2.399300338804871,-1.8740870942380101,0.72544992091888116,1.0798539403918173,0.91242492025920707,1.8603746760854669,-0.49963341856309362
1.7103335021584782,-0.66360972690319486,1.5760650727323779,-1.8138684845283723,-1.2786664651215025,1.4869541655833878,-0.97063178815157181,1.4847789701724881,2.0963341973584475,-0.15177758136020697
1.1891392341152691,0.28821048595330678,2.2003335315068973,-0.85042092768470712,-0.94614758169484947,-0.71729689371055749,-1.0144635183187338,1.2305801476672418,2.0362839031240321,0.3653721725702862
-1.6046707506134483,0.79664751261813394,0.69026443564198092,-1.5503701362344529,0.33545205898271013,-0.87397098638171866,0.06426711574849775,-0.34644262240473089,1.9259793930100333,-2.0893146712438178
-1.6875786351707032,1.4931373054445991,0.02056909306978677,-1.155016317835323,0.62186779322251695,-0.4813913517636722,-0.52997296606923272,0.3602986957897088,1.2367333591354379,-2.2356351246382897
0.2597410717665537,0.028169245283384714,-0.52791697163249007,-0.99009481955589251,-0.65100848158787561,-0.56534433223414626,-1.9981820429381441,1.5199633286606775,0.15044016509100316,-0.99864489686073898
-0.27089352031630781,1.4106881660403177,-0.85365799231816564,-1.8036969665464051,-1.6181103057425026,-0.20131414900413003,-0.21824568283286672,1.822502687179433,0.96549889330209038,-0.020583933502774987
-0.61563828337183768,0.8926776616876948,-0.60906607708518568,-0.76148338727188603,-1.8337705161360633,-0.071348628157440752,-1.0787837708199906,0.3121431838670492,2.1669256524533216,0.20059728367767402
0.30685936809513181,0.40794058160597946,-1.9938660610629939,-2.8807685592796162,-0.21279377560102219,-0.62919688559974474,-0.41502298752688971,1.4382552684908343,-0.42037746677698129,2.5646294514498376
0.15876274625759987,0.87420624224956978,-1.7464896936119476,-0.51910358557134262,-0.28096895976480052,-1.383298186641948,-0.01236200823092537,1.9901659272759968,-1.6496489197753468,1.5438565621742226
-1.7254371839414133,2.3510827242038355,-1.4825620652784584,0.57210715127130207,0.70589423567844012,-0.21693534021324168,-0.27305805305432779,0.75529413688086255,-1.4530055786790874,-0.30781440796204729
-0.54969421357988013,0.68431294477341897,-1.4827517281462299,1.2336413803087314,-1.2911523099922442,-0.92079519821339295,-1.1872832820572834,0.25488067895959693,-2.1640492799071556,-1.7789970683363232
-0.86532037814080287,0.74515280578100551,-1.5236286719016934,-0.87575329332321294,-1.0283585450506436,-0.14600899918137289,0.42431286287559644,-2.0894013730301859,-1.4995124303379517,1.7798693947004363
-0.99383263442452585,1.74041466755448,-0.59447252975714393,-1.0851930961866125,-2.3557714106837464,-1.7898206818555413,0.035915765209749734,-0.21863072374422621,-0.72088498561400327,0.22288151512267829
-1.3106869640410088,1.6517689309845323,-0.40609802356641594,-2.5519642378329532,-0.6205421670177429,-0.43694308536117488,-2.513382501146975,1.2296278988284008,-1.1459650292966319,-1.0923619405339087
-0.15851534202619644,0.92175051042887235,0.56804115943099842,-2.3661862436466619,1.0325190198597998,-0.28183037399788319,-2.1204727124887084,1.3418121515446439,-2.7275198092193307,-1.3249529952432222
-0.90974995060365194,1.196882729955846,1.1863210858191775,-2.2391594679543303,-0.43013108459596172,-0.7004502180574973,0.49192302723384396,2.4156889082147814,-1.716228279467487,-1.3373798837309931
-2.3198426749438399,-0.009421353155154466,-0.19495754239381813,-1.1544288896213317,0.01247247986846961,-0.69535860268904104,0.2151865980813345,1.7135820671347659,0.99470043651037376,0.037169878972803772
-1.4889005824926969,0.49988244172205115,1.3092825259449206,-1.9857353629311061,-0.028439149865349754,-2.2243575118868639,1.6580638259927687,0.99306170399391847,1.9275025523494338,-0.77497089528121488
-1.8018912151251882,0.081760868658441649,0.72551208088054397,-1.7560807485236114,-0.57058461835735053,0.4010966115575223,-0.9848310014288213,1.0404051580839209,0.70530812312520708,0.0077304018725664059
0.014990090251749022,-3.0446529893123211,1.0145584863941566,-1.2032003214933702,-0.7788501590734993,-0.26005344429057281,-0.67396431252615696,1.8863378178477863,0.010377733396659594,-0.79422423064259184
0.029809244667974952,-0.21993134562878813,0.95215076116679809,0.15610117836164794,-1.1189064042071348,-0.075583451018977538,-1.4178020204965374,1.3661425500222137,1.2926366598462613,1.1941340498630222
-0.46008179284669848,1.8154944424472979,-0.58830000513443625,-0.49663275042755017,0.13739659597043774,-0.018852904905126856,-0.1819264531793976,0.38830626972948246,-0.36996003062420602,0.87608901337700307
-2.1891070539736837,1.406136406388202,-0.017136470216963184,-0.94195993287303814,0.40883437228291142,-0.34654845048317651,-0.38315431373941028,-1.8353481331336479,-0.5028666617713069,-0.21071543199773407
-2.5325505962601476,2.3647734113080148,-0.082546544934691504,-1.2430625911890643,-0.79941294377079108,1.07498753937463,0.10420444960855593,-1.1304110665582185,-0.92794432993312559,1.2501978290292071
-0.92390521550324478,0.20388886138131801,-2.1277122133039814,-1.2834005614761876,-1.9981362249941175,1.8678511020960353,-0.034342015253203503,-0.31134588508917999,-0.30906317465001926,1.3740092943561253
-2.0832046325380129,0.9309848662117628,0.71134672017378686,-0.31960560733573862,-1.0706824607566088,0.90455937991895952,0.14765289814204891,0.19941765512129475,-1.4973093160234228,0.68307520466127203
-1.950000966045693,1.5871556104309399,-2.0260501094072763,-2.311631300757234,-2.13440284975169,2.1394802784253879,0.73191387498159088,-1.509244046997712,-0.5276340862100195,0.76139339269357609
-1.5775765498094314,-1.7561622725286266,0.22688849338823869,-1.8376274685518226,-0.63186047490719588,0.49628743110747053,1.2613852291839576,-1.3929836055387974,0.036922712270058666,-0.14848738546617934
-0.47762202065426668,-0.23902481680530763,1.1425457604860343,-0.091209982146834623,-2.4368801025292033,-1.4671489542262939,0.66260010690736582,-0.37344141138375764,0.095202030604725513,-1.8932631007912599
-1.3032966628026004,-0.90404171160555924,1.3570085817044175,0.20962747486022115,-1.6295474895383033,0.84345876024914812,0.81969402441632222,0.88412032504999283,0.13113081647241651,0.72115456386894961
-0.34542465782319398,-0.74106607774684385,-0.016796762643574881,-0.67013314160474891,-0.79178569047830016,-0.77931186917726225,0.32093821076523565,2.9951434360310625,-0.40067151446620514,0.40473411866991826
-0.50031497792734014,-0.30702997697787554,0.99747958373226697,-0.35673343271358909,0.21784206352062402,0.74364786610488876,-0.20516967011951665,1.1456962060112086,-0.51375147436445889,1.6240460901145368
-1.2344288316661114,-0.25462120210223604,0.9989243475991687,0.89777843609338137,2.3673645719713612,1.2050734323444334,1.8672959108661646,-0.7235763649693645,0.23374000147804164,1.4429214767668297
1.7820414370474325,-1.9571195199191609,1.4470921312924052,0.51339032145613439,2.7072769443163169,-0.27611962328548012,0.1622137598077692,0.49528934050567741,1.0860326615061102,-0.0054502981302726461
3.2166415033320059,2.0030341402180487,1.3421084772789555,0.27813286983252933,1.2875565586142992,-0.66127682848749603,-1.2105666164433935,0.4185453775315966,0.017759198185711922,1.5264913071727884
-0.052465493319721945,0.92399552241292415,0.45989254544818586,-1.2210713168946274,1.1822606928283055,0.49768561652034532,0.3403959102179579,-0.088023622849629446,1.0048295824443354,0.070839904150645006
0.11741732996154577,0.9390825736582239,-0.58210512538181047,0.5532492708610578,1.0031403012431506,0.90398161038926972,-1.5409134596713285,0.4503276262496132,1.6559939500251217,0.14565340917999903
1.2700189048844119,1.1483823525392791,-2.8564187182168541,1.3309233359749266,0.60335383157145983,-0.60990858331878428,0.21889291906039388,-0.36778606654677515,1.458575062297583,-0.78929147286167778
0.85928120827807908,0.11343917827468425,-1.3396723248974405,1.6101859858052161,-0.079282478993373373,-0.97527485758582522,-1.9370521218663883,-0.24620615657642797,0.090425726063196654,-1.7553890274971029
1.3930735053679577,-0.49511556129586265,-0.95322680889800249,-0.24149774761113485,-1.3444015598312313,-0.89111381759822517,-1.3681504180234971,-0.62362480901065387,1.2344111816654326,0.71984212693293714
-0.63083718246375298,-0.062395749534173539,0.15337867038725894,-0.60074574373692657,-0.72951606685749371,-0.29117233431663569,-1.6104168569198607,-1.2039904362481151,1.1561377808167603,1.3870690739467091
-0.016095556481445727,-0.91685481072205088,2.2291249638156949,-1.3197876567853055,-0.082247286123830921,-0.98361378001562727,-1.9453604739725352,-0.36676119226886628,-0.096249669130635707,1.7483807042029658
0.57689564849310127,-2.4526686871602283,2.3120634497348407,-0.56353845492360088,0.036347672643466902,-0.62360997177923694,-1.8567729740990873,-2.0740861784920051,0.85329729731728698,1.5062639506152538
1.2245881804323433,-2.7460463005466917,1.4424053223210707,-1.1303445265726795,2.1057187826781099,0.72865337009951625,-2.0603595272241821,-0.89328380698895027,1.133903062919515,1.6295798917318489
-0.8003925934252506,-1.7423940118258847,2.2768399823773731,-0.8021729060609013,1.6272525052111364,-0.33161543274168476,-0.72049128062050116,1.1247089741041878,1.8496022125593117,1.5394935330558555
-1.8889833271158218,-2.6968847835258556,1.6753039383439652,1.4851383067106876,0.59719648866990416,0.28721779537859937,-0.34380026679236703,1.6250116623489221,0.6768884527937804,0.56073784311296049
0.28667239137944367,-1.6892618665292924,1.1299704524264387,-0.3317209644463277,-0.87960136287550494,0.33587767228055798,-1.8301047048218282,1.9214151167746736,1.0661703124086683,-1.1678627666782413
0.62039089032738071,-2.3959168427973045,1.658907531637875,0.77835372882204557,0.050375854966864642,0.25734381017117131,-2.4825704360534644,0.93375863485037736,0.40868440410527995,0.39424118868851143
0.1716361163959127,-2.2711789808862628,0.5317575083244096,0.091291307759056362,-0.29950826435840772,1.7706584610817229,-1.3215728450334518,0.27800106847404127,1.5895766220295675,-0.91459611684311803
1.6456203718667983,-1.0324179280708907,1.4323150847653359,-0.80554895885939759,-0.34617915328935334,0.21866513670983279,-0.13101297162157921,-1.8011758850470454,1.5112667938967541,-1.9781126942855942
-1.1546579444590852,-0.2577747804302376,2.8616137558152146,0.36442973340784512,-0.18693156052902923,0.0057393266121064795,-0.90421487478572438,-1.0335166461377261,-0.90756308125008966,0.80282058441408122
-1.1263801617444931,1.0145775257591627,0.94686285289295025,1.4209672664496209,-0.80880143328606047,0.0047947135204459189,-1.235595507780622,-0.71751948362021634,-1.0682308625450498,-0.072060731008236678
-1.0046074043068511,0.27015182490107803,1.3703182127179667,-0.24435497193150602,0.44094015820336963,0.90910862226094713,0.2365369101596555,0.092057146894962583,-0.27246640882795309,0.53353592285331575
-0.25220047615960772,-1.1710719724823169,0.66641069476323855,-0.14975882804998575,1.7143084809202755,-0.68389791857216364,-0.4146540824999505,1.9005384621930597,1.6620755848935038,-0.0036706719251627939
2.157026683639367,-2.4913525044450164,-0.22416734373180697,2.5268452830852199,-0.6769864589078225,0.8380601916980166,0.96791461126903577,1.1013803112294227,1.7945502382193663,-0.62470726775679442
1.3614203807768483,-0.85483916828626583,-0.17053402441181548,0.85023358608196231,0.84285019378154435,-0.88770366854502081,0.81288730296470535,0.3151199849882303,0.78611010475223853,0.21655688607234436
-0.018969551742606727,-0.57519477809607744,0.69870760682558997,0.55758006182862407,0.83821060918100354,-0.17885610284079334,1.2281961056027557,0.67957640408979647,1.4818662578351964,0.73627601721215652
1.7924172183037146,0.23710170389956603,-1.2028522760276519,-1.1275582854817925,0.046695421581253616,0.44323292974318529,-0.58486934908798893,0.73047596158729033,1.1763603843295296,-1.3743393791358249
0.75282645099682821,0.58394289872756322,-1.1712618786905007,0.31592052838371976,0.9693692773360566,-0.17895849400364705,-0.76571089433543615,1.2207955255714134,1.4081119582785191,0.78438632929922347
-0.22024158419846823,-0.47474581129465609,-1.7352492531623551,1.0789619027710093,0.38787899504567114,-0.10150641984028519,0.35215820588048602,-0.46196996627252496,1.0828077073410274,0.33038079186531821
1.1923126455876587,0.72176685153786591,-0.53155624852253824,1.2425372854146588,0.1286687627885478,0.92415573180049448,-0.32643108956608524,-0.087465715733846594,2.4576166426213839,0.38513585950209372
0.88730030228130641,-0.12512896210745111,-0.00096979688825127308,3.0783927281065564,0.47591821006933066,-0.90116737134560132,-0.31318060888309274,1.0874445392663767,1.6252739095790525,0.94324152277190254
0.60172154829373037,-0.83379002026050342,0.28229062308918257,1.2323673207146495,-0.70630852536908895,1.2465120354059323,-0.3112551838756466,1.6715426962722599,0.11059877580240129,0.75462699682518108
1.0357533529839342,-1.4819710497151872,2.2417230711141864,0.94688403768008556,1.4931652039490704,-0.047160264020013276,1.5364283454548402,2.3453560106839086,-1.9332030014345642,1.6209471003772371
-0.26648799312186944,-1.4702300742685037,0.35251685499650487,-0.87406184288466227,1.4002926418121855,-0.43901478718252862,-0.16281085623720015,1.5535869951984347,-0.17497031147486852,0.78591073380102017
-1.833526273439321,-1.8173430723788995,1.699014486820259,0.53093320047667503,2.1866608982000328,-2.2056709944523507,-1.6348177756583779,0.12812788280546694,-0.1981483380038,0.30145041767347991
-0.8850326072486181,0.38539548050024153,2.3477821267611869,-0.13851151317698557,0.06234192899759794,-0.32628414261338923,-0.40581261065362462,0.45959082711367583,0.067911636107401085,0.47253323985482326
-2.9220264086087604,0.45113335134513016,0.16019488822007455,-0.63309744220256736,1.4830079451024261,1.7702874422867527,-0.8289824686359778,0.70613821180703407,-0.7433429951810594,-1.847908944426317
0.94437117237093582,-0.15889496743307455,-1.1530425503304742,0.91048423498500752,-0.9191631035023039,2.0825328739739488,-0.49639069832970173,-0.4731466413875024,0.81858804163990695,-2.94283696679314
0.25547918226249927,0.12888629262651347,-0.20074712599470368,0.48918832798261513,-0.12504681658546662,1.0037420276687747,-2.1381229569511677,0.25178762594886239,1.8086557664433931,-1.3936791804682018
-0.058224943496667181,0.38635628826622126,-0.5231339356253466,0.2261151676380771,0.04777561290067156,-1.0077940928081828,-0.30524248188718839,-0.41251991621891521,0.62794320445546492,-0.40293459876761212
0.55797146868918368,3.0647705426847116,-0.89056505059903768,-0.29510938574232892,-0.25822332511108015,-2.5305692586201451,0.13738146815791286,-0.41342385066778609,2.2467402143929713,0.42804100256285482
0.13364674274171695,1.9607822928797245,0.42028217452922167,0.07795120173436576,-0.47297573024209377,-2.6056913704808804,-1.0418362752170995,0.014615780027289915,1.2706352982635258,-2.6653326892027578
-1.80831497967965,0.11484981279346973,1.6123673092572079,-0.46852749177251163,-1.258715208979589,-2.4301484783008198,-0.67966961391800584,-0.097940414798317638,-0.62132439996772715,-0.67695047532888375
0.81474607071106808,0.54136594629084822,-0.27927558466603541,0.1941189257296333,-0.78463880969244548,-2.2304225368942094,-1.3518123325997768,1.0509301907753941,-1.6696594232494575,1.3160303920791745
1.1520623567335853,-0.64993642092252846,0.77639974448866589,0.077924791566275825,0.067902967232483125,-0.68700937418949515,-0.76279125119832192,1.5494001570269824,-0.05560935129659228,0.1531130005378647
-0.84525576526113366,-0.65458879857263685,0.98129093452247207,-0.50120051830705414,3.2473962937126029,0.32094988146939385,0.016451854869427351,1.0511680728455248,-0.1036748026097601,-0.010565039797488657
-1.5976752806471559,0.22809784064043515,0.45673343847810072,-0.27067920338006524,2.542787422973888,-0.7824109862070493,-0.51941670976144638,2.0208052895174538,-1.0408193148818876,-0.37838657192761876
-0.51831053906375546,-0.897371825598551,-0.13570734365523837,0.17457111777351697,1.5590993268181645,0.57129501153657625,0.35716674480070643,1.071799265707069,-0.72176982905192744,0.84889949985510282
-0.37122313495332748,-3.1542923807212921,-0.53288039366956053,-0.88888886330129302,-1.0236583523586749,-0.099511239198927182,1.473093107035002,0.44891548326513381,0.517767922154317,0.44856326439090699
-1.9702445348045803,-1.7296100172115059,1.997509180089498,-1.058922591990836,-2.76301921931725,1.3202632751502419,1.2265368729670278,-0.22278477664293214,-0.46218977539307904,0.45082451704584625
-0.94830101443911774,0.037923805996100457,1.0421920016901163,-1.5831174260664249,-1.9878806402361868,0.45850681669958115,1.1982778630523079,-0.39012642760553384,1.2815714947361898,0.8846125318797301
-0.79622024733611974,1.9692986109740809,0.098439972168796352,-0.46924758629015695,-0.036735602160032577,0.7782116591258722,0.14836522173143518,0.78725092708682864,0.70023958019718235,-0.093318978421846055
0.022203511813087107,0.97092299620047118,-0.32459841279527823,0.054297475142282781,-1.2514388257585674,-0.15250048102308361,-0.1896627624859506,0.50265756904700831,-1.3934379598160103,1.3720454435378855
1.6640893221060393,2.1678410552359169,1.4532385549826659,-0.60448149974940923,-0.95424811049539326,0.16467554132152021,-0.5237677169984426,1.317764571291725,0.63263624415492425,-0.47252108571110751
2.1273902550209765,1.8834803181290598,1.9397285584449582,-1.3072141014084706,-1.0527791955367984,0.85352621756393432,-1.7552000821773457,0.60450936219098794,-0.16105381843545208,0.55432796269330087
1.1432384554410782,0.0069398320729471275,0.94348279810198354,-0.55863218231170586,0.97573487925926572,-1.8044060239316613,-1.4858141740695709,1.0116924354379171,-3.1227903191887201,0.79101358364749452
0.63250808766677413,0.36184078884523457,0.19887945849463379,-0.51405022325944238,1.0431348828833147,-0.94089813877746531,0.86885049535862413,-0.26764396221538067,-1.7678645638690871,-0.84448531076616751
0.31618336965858407,-0.22388717188810917,-1.0719190703266235,0.71636598089845172,-0.68138439477612756,0.14412726654932306,1.066449129067198,0.47336683232508098,-0.55515090201829098,-0.54301297081556699
1.7776219082513709,-0.2707819159020069,-1.9043238717763247,-0.46608945760970566,1.014456877531551,0.50244415998846292,-0.80692139137084673,0.6820262037383501,-0.82493946061617518,-0.58613597536883244
0.51566627264868115,-1.8958988429875863,-2.277673742244068,-0.66296523147754893,1.6980705140876404,0.41314366258458146,0.81486458360482827,-0.38332533142287512,-0.84452514728033734,-0.40036047976115846
1.825452911188429,-0.68393902367829551,-1.4803311389818992,1.2201217766919241,1.4035293749537847,1.6627181041443468,-0.88492803620172078,-0.72951380475940197,-1.2000297178001411,0.38338381408467781
2.937517322162313,0.39947654437611207,-0.30567356848394106,-0.069854964831430277,-0.49131996862517791,3.1214609368209478,-1.0836807858972142,-1.8296278787666036,-0.19907380573215877,-0.90718004245662209
2.6620307046578149,1.3366424413060856,-0.709438724181369,-0.87964123853964971,-0.27306450234764457,1.1247070947393527,-0.028133488861951217,-0.48616238429956449,-0.3789691695178049,-1.5777147933784088
0.24314873352204946,1.7485736211802285,1.1409597259475133,1.4399359233638829,-1.8195070793128956,-0.15688098210312407,-0.060979773737348905,-1.6881430766868146,-1.9107483974804145,-0.059574337949967582
-0.060259021126498724,0.52488573397828908,2.0751479681128506,1.1882777516154126,-0.72734867025849992,0.10975110622280879,0.58186911165061861,-1.7066245845966377,-0.86089477879404819,1.8187765651358661
-0.055416846567501926,0.60898103289820193,0.14708841693503583,0.47234952823409893,0.76309264832604518,0.1460179139108479,0.55502883516706669,-0.88330809479295436,-2.3292135888586882,1.0775202787666425
-0.35817323888543667,-0.35204488126565747,-1.8770641570730551,-0.99767254808568739,0.268997756144434,0.17922928535578009,-0.19380038849640224,0.21660365966870387,-0.020496059369154995,1.0022598894361459
0.83636060764483866,-0.34183841271446513,-0.25927318305080971,-0.49667609861794054,-0.20429767356114176,0.11418797358960561,0.18490415292552292,0.97948428205598592,-0.095618134144701133,-0.97081827185805858
1.7946670897051935,-0.022591830963626214,-0.12226216798305116,-0.16406754511727523,-1.481583871990749,0.87998958365496283,-1.3006242113767226,0.29674003314070918,0.34983864772580986,-0.90986148332141248
-0.93281911138717999,-1.1576579399606426,-0.24554168102280019,-1.2861449408576364,-2.0830022011909897,-0.60294289335017082,-1.4357904151387806,1.5403495180686639,0.58734252492718131,0.15404614800489191
0.73175963233423913,0.072372059121637466,0.17176628654687892,-0.078406163672547047,-2.5917759253761279,0.42182006180381093,-0.39473136795243147,1.639665375102946,1.4953677997589878,2.463053699100513
0.11661729410014776,-0.38156488355525536,-0.84019776053715867,-1.1271974594547465,1.170575832060393,0.34811735582127423,0.5507820232205074,1.6460091862405761,1.4675632279925539,1.1889550611251702
-0.52876939997571404,0.40445342168738752,-0.78853624403108413,1.7125423469300853,0.54243463366135281,0.86636566630380452,-0.94444880354647898,0.7157331448599269,0.78149422469641872,-0.10349147539945758
-1.1573441388069896,-0.23241770317497773,-0.55223550634057728,-0.49756445421914297,1.1753711761262018,0.39691067760620918,-0.38773922017750578,1.2847207217080743,0.56962072479312875,-0.627677377548162
-1.7172635419684812,0.50778709415669199,-0.83358313701371256,-0.69389572076254979,0.89407371400349922,2.0937977298174757,0.35863334170722616,1.2659381887294607,0.15086512396138871,-1.0594496204134454
-0.1076205065792819,2.1423270533147738,-0.39162843266751418,-0.33650467055574051,-0.11875156148992455,-1.4948539444480671,0.49057925922996704,0.66204255499667797,-0.85643010716519397,-1.0566986979399835
0.21151084840070628,1.0902086544748604,0.39933873572040612,0.2550832846274308,0.27057891947475543,-2.0716025372264708,0.1877690970716063,-0.39083599025105409,-2.2627782009851165,-1.5452737417650226
0.3575913110921739,1.467462053495479,0.73630016265022824,-1.6222891807401787,0.10131486286771432,0.069064386889991169,-0.19639657416621681,0.93718013344155482,-0.56235064370055021,-2.5812898410156846
-0.56318689895471219,1.5227638392469123,0.58465696077037921,0.80022821917545972,1.5478438260155409,-1.162471805694411,0.97694203328135165,0.80110654949622406,0.61148310115740689,-0.32840628118554926
-0.19928562072218026,2.1128421568293789,0.41403212996761829,1.5247331474112924,1.1139172188530611,-2.112702547336371,0.71656763322725969,1.0110150174845975,-0.24623578309848537,-0.61341152355315742
1.1485011800007077,1.1465898109539017,0.058910640355693794,1.5267077642015474,1.3632348112971833,-2.1170744136496049,-1.0311547998652686,0.71182845169710696,0.74323076902686402,-2.1907392528340583
1.4802827366664726,0.96930791451464093,-0.17450269331698426,-1.014226547374887,-0.63702153381011695,1.4966275944700067,-1.5453058411308027,1.0982747993852606,-0.12206987028708888,0.84993445343306262
0.84305982271739588,-0.53645806319668554,-1.1007677591332841,-0.26772402180167687,-1.2749696989918748,1.4518038909815281,-2.0914953591932264,-0.07110186300509691,-1.63654957951499,0.21865832816216232
-0.46889234259429263,1.8881077319265924,0.43785681037398771,-1.9219244724611126,-2.6345895774729788,-0.1496037271667312,-0.8473606657299394,0.90701953104059085,-2.5019951512945218,0.58117493326642389
0.14811382507017726,0.052405937793512769,1.7274602277806572,-2.3456761732484761,-1.0879871805153365,0.94419284684325078,-0.88177506074970946,1.8071062860996121,-2.6285189879500086,1.9631335916371944
-0.20464533019625658,0.11488856238967965,0.51168683758955746,-0.12771520245978474,-1.4569489932199571,0.64070935438118415,0.61243890725033867,1.2841399368710518,-1.5936661812948765,0.43355329215638538
-0.32891932901112003,0.39476176818275599,0.85306896206902127,0.69504835260755737,-1.3301210645353951,0.24399108531697072,0.50151628239109503,1.2996427858780828,0.3899036804658772,-0.12498276095887512
-0.61251447650309221,1.2279137410254524,1.2113356717083064,0.31554471575763521,-0.065461727424837135,-0.73494201755595545,0.77611174800842897,0.98475816284290985,-1.0809616844720571,-0.014414546183574635
-0.21240649450570726,1.9131247911492864,-0.66715211095986771,0.18201721300433246,1.2739303189174853,0.90755606170019831,2.2598566464940499,1.3321515243125417,0.097667372289836019,-0.11360279339657724
0.15104605744282223,0.48381236884187534,0.042015845238173977,-0.83804809318239482,0.90810859053105641,0.67263554969213157,0.96849313637840817,0.69148324015534091,0.94718693663589115,-0.94718143403214961
-1.0043676997602751,1.637568782824371,-0.35964349286578468,0.92145177813652146,0.26992581666846249,0.92794859014613063,1.4692430779893781,1.0009566220179729,-0.019838018301528038,-1.1164325207141821
-1.8150795268568527,1.875546550257472,-1.1895861683637441,0.94316433786391807,-1.7908745030104105,1.2566719564033799,-0.7120700894084695,0.71093407835624867,0.49819414676357776,0.75320300598417478
-1.5678621698363804,3.0213689647989579,-0.39177073024479936,0.94909566254017685,-0.77023982611240127,0.2584043219598377,0.20522115867806556,2.1704861506250435,1.1453578299612379,-1.7182275252158186
-0.94125754252115401,2.2335373267364864,-0.42961729756610229,0.61467052065782013,-0.16708544594425789,0.6684466109589039,0.907430531489134,-1.305760947740525,0.80695360750546363,0.41042585355170491
-0.13279623142847713,2.2225527218491781,0.35124849987634033,-0.6780151514061219,-0.61953730723445688,1.060343778395801,0.29232891385595366,-1.4618627890890168,0.3810763974028572,0.10393858924731758
0.31653216562998499,2.0903338829567142,1.1009392624764063,-1.1749553047480519,-0.090330242402114097,1.669177174764636,-0.26458381787265073,-1.6913818143758186,0.70132509987682268,-0.084934573700590515
0.26426476441724678,-0.4305786001140226,0.75896907875612041,0.64837068302701018,0.84331624415874551,2.0549482022355061,0.99503814770294918,-0.57787843980501519,1.3717987203898121,-0.39467146119415192
0.49584447220930261,0.39768934472524731,-1.0150389799762634,0.44554359986390757,1.7752709015134234,0.70548271749803126,-0.19982364187725271,-0.12721567364213685,0.96003686268491895,-0.88341974833661752
-0.35937423746840308,0.49883477687044298,-0.31459362303574456,1.6222228263595546,1.5050120561151532,-0.31887214403293923,-0.035880241262061782,1.7273838067367433,0.48143818634956725,-1.0482852080125578
-1.6810422551143229,-0.10289652994003928,-0.4146697238536296,-0.58346699312900629,2.1852340644260599,0.39333462791010265,0.6523892098533981,1.2930976583885256,-0.0050437502366410258,-1.1323319164994845
0.22205450765847823,-1.0741110727337952,0.56911644011009388,0.0052210785112515867,1.6696192476457556,-1.8207546971611377,1.3425898400993692,0.49990856492526226,-1.3951656291089436,-0.45304417273317815
1.055777804239753,-1.3033967483063771,-0.32972785467374544,1.7577190547824486,-0.42546926783894257,-0.22180322319126511,1.4486367295072955,-0.5614409766839934,-2.0910605300165095,-0.37924805934737099
0.17780846397053446,-1.3081922374356618,0.50333434595086379,2.2261237871704767,0.94949531032703316,0.36288440805734357,-0.53973047815778341,0.47497045325357778,-0.4738828397519832,-0.27295931256369521
0.10070108818310189,-0.12795422897486763,0.96262101339299355,0.12752491323241999,-0.47895300246438322,0.53026045050001069,-1.2470505709061257,-1.9095619003103832,0.30225630157910577,1.650380158197156
-0.29479411208280426,-1.8749975657486662,0.59042344969860061,-0.15660378575410552,0.12089640443157085,1.5888374154119089,-0.03206496726336483,0.064243689956340777,0.99406716655179717,1.205160592301568
-0.64829230814471117,-1.5498717794569337,1.2319641327692044,-0.17990533183136287,2.2952012040644276,2.5090280833151244,-0.47982223179475342,-1.0063800921241837,-0.45121985457978825,2.7906266280120047
-2.0847479952870209,-0.22516067475042645,-0.33411668341459777,-0.57383685938360462,0.7645363099456246,1.3490885708786133,-1.5893994603098724,0.078526320669758842,-0.12242589355216366,1.2797641114946638
-1.1525961291456239,0.96549636514228365,0.39323661483977662,-1.9251671071867185,-0.37048683691759332,-0.073486184115500119,0.18580116828260707,0.24325106408962574,-0.77411847995329619,-0.90847324075527069
-0.32974515208736555,-0.053213674104957476,-0.75125632763957628,-0.73717894612102453,-0.38875991089621953,-0.091459924010789145,1.5436933792011895,0.041584983047061805,1.4988245019634641,0.75946275724129109
0.43838558944824457,0.68461766599342133,0.41465072219786914,-1.3557447312644761,0.19725044103878309,0.39131182143450649,0.65035651270006167,0.93071364663063505,-1.2572758232045376,0.49080022076038371
0.88468478764701541,2.5541600256117358,0.97670623326373396,-0.66346138281293277,1.7779913151838362,0.39664480622269999,0.84490062666987797,-1.2527383857799339,0.3123959842543349,0.77082325780599725
0.64066873203939223,1.4056520759112008,0.17928775958219867,-1.2072746694664285,2.0403847499833643,0.52379425728630247,2.2875133295372896,-0.81131601133498199,-0.69584860244757374,0.7707171368016269
1.003438710187456,1.7458842932445062,-0.41382751808815865,-0.31578406440143431,2.0844759221864018,-0.8707789359703082,1.6681873810762262,-0.93052038612460253,-0.76143852209000862,1.0788872002484711
0.30945939910668768,0.026611175859818093,-1.9582687326904382,-0.68586502411012018,1.267680283132542,0.628338828410825,1.473147700673521,1.8959505211927279,-1.4387973442674338,-0.55141504081577009
-0.15438160347689719,1.059883166549918,-1.311303688573632,-0.73441845775465997,1.1777427770030497,1.1314089659559765,-0.29967536827216623,-0.77578050452327252,-0.4274812694895776,-0.97530304688143288
-0.70277229816116238,-0.70987901371522466,0.73055481172565817,-0.51062431545036757,-0.19084822427369008,-0.59859580622016817,0.42271007389312365,-1.4586626769655806,-2.29956769994675,-0.60739303738480432
-1.6685944286042733,-0.035778002642939011,0.84277005285774187,-0.38947005497205311,0.90018327048765756,-1.6801299303647297,-0.18065449041516329,-0.91271120018386742,-0.55927370610536242,-0.80204237472651396
-0.52906865965999761,0.40432736418849402,2.6636908344376993,0.7436665932317339,0.12524927826858873,-0.67100194073636121,-0.53864850129487152,-1.8939849977934369,-0.6117041484438106,0.039752939275731924
-3.113287650751682,-3.0752121086482371,2.8778230844105908,1.6233355126159865,2.4604845511628826,-0.26882013068118504,-1.2274743314792584,0.88062349725167821,-0.31244134067681623,0.78236321796711428
-0.76880853865861387,-1.9465557486447804,2.1439000748032333,-0.066244316369727496,0.16852089198940745,-0.20122579105625843,-1.7477902941660211,-0.74651063996048539,1.1265295279570435,-0.5119297557353909
-0.21563883937660144,-1.5397297570291752,2.5163356211336523,1.5428999472876646,1.6350500966219892,-0.75899210334988076,-0.12604650745613399,-0.9891751273261391,0.46905374637424119,-0.077240320635757337
0.34793739111340516,-0.47424597365036847,0.21673501209213897,-1.6582397034639742,2.1752286195894275,-0.52533527388139423,-0.51313587008133599,2.0248869401293423,0.058186878791722352,0.73610771006939291
0.77536843054826254,-0.53592713677206716,0.50133599828807962,0.40579618198558909,0.32204900319281304,-1.1566594621425559,-1.5556801482328293,1.064926815624998,1.9754043174957845,-0.10124584636259237
1.5188801161228642,0.55563192639458325,-0.34808467757430173,-1.0920114984151263,0.23109160142873234,-0.2188471445716037,-0.62437115470625137,1.3707978701590551,0.48988215372518096,-1.5093189216866005
0.24779523051002939,1.5066122107443101,-0.0057172255676042061,-0.20963361322910562,2.2144775481754597,0.97729733587559142,0.065226799290672488,0.16610838221523794,0.89068066867050288,-2.178889599663584
-0.47374106247718456,0.29509984578190429,-1.047771578898413,1.3483342445275011,-0.37577856706859403,2.1179152868167734,-0.91908012739960576,0.50587044923371982,-0.0061929136406953522,-1.9384785741798964
-1.8323944954319056,0.88236614138038083,-2.4630227559166684,-1.4831779289567684,0.23354754435321307,2.5318804236663288,-2.6976290616624081,-0.32059627839348404,-0.65378971757802873,0.56209918279280702
-2.0897232452136074,-0.0031704300964504606,-1.004170426162531,1.08383932618651,0.77542129421775485,2.8914540639828985,-1.4277422004624423,1.1462885154263784,-2.0017283940261397,1.0478753582022087
0.54549068767185593,0.56042912964690994,-0.91556683028557639,0.70822921229102043,1.4226723224115303,0.79498391698527449,-0.5036678741650189,-0.054928158404185079,-1.0153514750523185,2.6645699115036274
1.7826307876608651,0.9140224090847251,-0.11522860032261356,0.028446038843985166,1.9282338753455301,1.149751794406586,-0.87954740310935919,-0.64307485301705913,1.7918936947327362,0.13662924763591811
0.33599827046958219,-0.77461767993542108,0.081211089362373368,-0.30660541009373055,1.2635911912866515,0.57003793432563188,-0.26474208229161167,-0.57661348413134994,1.2702660219014226,0.74390526383307165
-0.95589200822804332,-0.20889309532756278,1.0006204094989601,-1.250942590853978,-1.1359389644715083,-0.16918482956058023,0.46324470809415436,-0.49301472167761295,0.60322825955602966,1.4084232905981737
-1.259069088128927,-1.0557714797266364,1.5635957476942839,-0.27131550315859115,-0.60174148501145075,0.65763367399905581,0.26798355451563222,0.65618682583380417,-0.72891611751488683,2.0712520552452269
-0.9272800592937005,-0.71656334811058975,0.14684450090793699,-1.8084687837055395,-0.12537684512458133,1.6886341048875033,-0.53323336629108375,1.8588138175960958,-2.908072890814112,0.42892762050766564
-1.1394690803421232,-1.1611918655659128,-0.91260141589446309,0.55185413054390731,0.54558380447336152,-0.31351906183180189,-0.66736034155773205,0.004048347782577788,-0.26938985510547897,1.0711830658833128
1.8327943938522737,-0.58114664137652672,-1.4209425271003244,-1.566736257420962,0.60788813380626683,0.1051855089159221,-0.73721912902873543,-1.8583121588962146,-1.2151693319250159,1.1909668105868294
1.4507912501607101,1.5647214604745243,0.75151055877684425,-0.97346088566629618,0.17730112276003104,-0.057349415122414274,1.5633346162321207,-1.9076133515243221,-1.5737415468578893,-1.3331287587960712
-0.60786630935328367,0.77620014423113326,-0.29512521102317424,0.74867537559030128,-0.56962899152199986,-0.88558580625755989,0.79843760715539214,-1.9998926916906894,-2.9706533544492837,0.28987104865181978
0.8088616277873607,-0.53443974953837958,0.15955075644255817,-1.1368812210062766,0.61759177169470547,-1.7220112672844041,0.93864860331745992,-0.95877921126371124,-2.3215530246917742,0.18862516125124135
-0.020128130919244924,0.44609396675833241,-0.82845231227675697,-1.5689557644298777,-0.32515048417404036,-2.1787435183340156,-0.83205805697737423,0.34843915839775308,-0.4164223467695557,0.2597673473566211
0.26138783957365885,-0.33556331071186274,-2.0997486231370028,-0.73493296425412979,-1.589199083987914,-1.1181314206559094,-1.7438939900789134,-0.67047611397772955,0.33874221624091311,-1.1481406035220574
-0.14441913687074409,-0.041131934809265663,-1.8983777332037008,-0.12358479926770211,-1.5145917101348978,0.21627830794887559,-1.0489650470120147,-0.52269601530296084,0.71455542762537039,-0.67581943954180246
0.53687753500527013,1.2962142802059811,-1.2125534582077726,0.68275722267043915,-1.2635882175215607,1.1007835296800268,-1.6765024111074636,0.8653861835723391,-1.4471766369998886,-1.0878542099737545
0.29995088921550328,0.99646094644849526,-1.7148849580384593,2.3167955209547797,-1.4873159271791501,0.048806157680029383,-0.68441032034089355,1.7938328049543153,-1.2948001172703929,-0.059157099953070225
0.0033242730422880784,-0.098968979882588015,-2.0369382230686233,0.91931668435611869,-0.5628923836936397,0.14432321319690991,-1.1196051064090464,0.73551148538618771,-2.3886244313866869,-2.2722370913907368
-1.0215026418321442,-1.1154134811802663,-2.2314248739130198,2.41313367651856,-0.43437726689570955,-0.66817837284987525,-1.1149009199158844,0.9503852748299324,-1.2440259481518952,-0.039767631774754175
-0.66270809183933677,0.12665470423157987,-1.1706278622030066,0.44631164909384446,-0.99068636015197642,2.0432020315263446,-1.269152601708365,0.22762574600831817,0.88977530163882823,-0.9195941600856421
-0.68029345156559562,1.0706429306862284,-0.5837310016531071,-1.6533702886328379,1.9888262318919125,1.3730624307137602,-0.86945649430164451,-2.0002295779571262,1.6371035953509081,-1.7396617746339607
-0.48515086082766867,0.40697313867349716,-1.5641152739838562,-2.2147876714337196,-0.77007166565821239,-0.030708307512561372,-1.1509512146152359,-0.95973407646322784,-0.15071638555864675,-1.2247002900847375
0.37881520914194844,0.16473047413293646,1.7852903191405618,-0.35266060851209968,-1.2641709883379462,-0.13157423530247864,0.42902897726746891,-0.99678573421178118,-1.0394610370218087,-0.16830073025359343
-0.9213289945416514,-0.44057739954825093,-0.68611113152162662,0.63191680712709619,-0.87685079727620441,1.5018537090033377,1.7253372421732291,0.20362219985066043,-2.6971986567774962,0.086274313418521681
0.51749602701996467,1.0577292926936246,-1.7593879232313983,-0.39202389828935735,0.82716610062058749,1.0386794782751632,2.1074382612750169,0.48122392898963584,-2.0001697319440876,-0.3027583154199644
-0.42230690509862523,-0.13848630607158974,-0.68250776651793643,-0.54623603381385788,2.2837551667271883,0.28754208394057917,2.7197780203901707,-1.5859795499598122,-0.61180264688103714,-0.61873291901452809
0.17751541868648218,-2.2135478031048419,0.65334011324778263,0.37927261017262026,-0.40326377507921785,0.64084845443883642,2.6712314277716001,-1.5519766580137317,0.1403523178683827,0.62324441487315252
0.10598757073803274,0.12963143278170786,1.6465588042377655,1.6071052898851814,-1.8869106906522548,-0.86151692441858962,0.7821529019497101,-0.08153889934822145,-1.5237363274036322,-0.42160056625020043
-0.88013469444016001,-0.64234839250092191,1.3441566429299288,1.0917569410684447,-0.35663082480719976,-0.50758471601382249,-0.69807832628832944,-1.5480661183036739,0.30726910425261234,0.58664817504607192
0.36915060127912291,0.1711018490765816,1.1967953650641459,0.10287738749836184,-1.1385027833034669,1.0270459319886125,-0.28492211486859187,-1.4296912086486873,-0.16062593849654999,0.6896321307217359
2.431494334329217,-0.67611763046006812,1.1402095050728858,0.41812326310904296,0.19916138248988624,-0.56432758155182239,0.08880287726855815,-0.72943594419594604,0.50641676400917368,-0.23180200415395524
1.7508888705820966,1.9040696322869957,1.0679537313391563,-1.057558382276756,1.7695275996638111,0.083170918247636838,-0.81697696994886171,0.3925929066106924,1.4242132515025867,-0.31187455523933727
1.6750012542667867,1.3861085360656729,1.1344838839943523,0.032313450616235917,1.4083221528246153,1.9365350963642232,-0.81541322509940339,-1.9535853417843538,0.56153778343190752,0.15482006575798168
1.996877736795982,1.2579790029726778,0.55759215788045069,0.55584943704535217,0.61131317654977313,0.19251956588358121,-0.88378808715659241,0.38320742024039578,-0.90113057332990742,-1.1841636297009914
1.2338823938597674,0.11277572529059043,-0.85281579628328119,1.2918522280055245,0.39597588702098924,1.1393345487647975,0.19997672383766485,-0.7253412563335313,-1.1790135941133821,-2.3917348495434236
-0.98692988118056868,-0.61913143372633983,0.99738257312693435,1.9167498113412198,0.81730401887190307,-0.37040147031287529,2.3069854285136446,0.10662308701126583,-1.387435466581959,-1.7049751776425524
-1.253150496434404,-1.9755002689496557,-0.1866585340586997,2.8999276803628442,-1.2408082077830855,-0.17333352500692631,2.4044606871562944,-1.229806625880431,-0.90144969963302102,-2.138997390783385
-0.14953124995950279,-0.99932262834772212,-0.62179966654719288,1.7573035208073871,0.20334282296515827,-0.92143955895055318,0.54687484175345824,0.30764398038858987,-1.8734137250764733,-0.73394418376522852
0.41265938613146491,-0.55766828492663367,0.23005989221628981,1.177865906925597,0.26317952822389701,-0.37532422160786699,0.66846083498884901,-0.29581304451204421,-1.0387227728335211,-1.4861431795640825
-0.98075307222718588,0.23623101194267815,0.17336518950543262,0.16842066781628112,-0.60625080083206306,-0.93335877635618403,-1.152501217206384,-0.035111018390287477,0.16921733439917019,2.0150854888635017
-1.0286465589671439,0.26100840134532466,-0.54182473004428289,1.9037969628840048,0.16935903995036106,-1.0056859787490529,-0.77454893350634835,-0.85064515040305178,-0.61054754724235516,-1.2954841614912316
0.51813061674805905,1.9415829614937796,-0.68319631802767522,0.44544023966938673,-1.8094838456020681,-1.2631069142948177,-0.17152735412349951,-0.42490301349295018,-1.3293889493718556,0.52984161360150339
0.82826117652607234,-1.1149762078383676,0.083497064581224523,-1.2081067801729339,2.7535932683917794,-1.2125262520843456,-0.70860947102333993,0.58469897167604268,0.74282205577646909,0.21974225793031049
-0.25517535234969302,-0.65099701719734859,0.31583227166913064,-1.5146087970284001,0.8073605777238525,0.30957823069431956,-0.0071261312144613176,-0.48972502541695906,0.094301501419153111,-0.45912679674989365
-1.067750109917571,-0.191784076482622,1.0106360499832141,-0.21065681586186402,0.38435489469990569,0.25419803710106426,-0.67049587775167063,0.98859302318520847,-1.4286289226836644,-0.083461225050243532
-0.73563728406208884,-0.38891787125040661,0.96861205798896488,0.4446593004632664,-0.89429736583898412,2.448500746150247,-1.1381521202164546,1.5412253165689229,-1.0322097897529519,1.1587582960448723
-1.3716682460541043,-1.5667638390360064,-1.2438221433280918,0.08104492848277875,0.47335231016401802,0.39563404293866489,-1.7100934293162382,0.0070626061608093371,0.72214513275657288,2.2669044210161209
-2.5190508167964127,-2.7295548267491467,-1.6360559481426677,0.63796113772104723,-0.59769251903155385,-0.46759435170535635,-1.6529500109047648,-0.44263772639065457,0.56045751103547081,2.6377806969884645
-1.6175110006832085,-0.45297859625709835,0.42930937244011913,0.92194123991819932,-1.7667242996116084,1.8683784005498478,-1.2659660168184288,0.058935172378494494,0.72873576619961122,-1.3372856155216568
-1.2800519495047413,-0.91985884740417756,-0.37468269275375632,1.2480152723672262,-0.57687958188852018,0.56091410097843419,0.17677389641634034,0.91907605512163393,1.0276974118538935,0.34704562475754264
-0.58884535556896567,0.90653102991357426,0.24020734848648578,-1.0344062512042553,-1.6886181161461713,2.0829127535907315,-0.014223642012786059,1.2248085240029467,0.44156948759469,0.24784167181722225
-0.6138787791395659,0.1950025714059534,-0.28596465742519916,0.6073166579552749,-1.7281881082656527,0.99543844123910419,-0.53602966194534729,2.5730142257499784,1.6213187370800088,0.65189272216414396
-2.2102701902971367,-1.8068812723124115,-0.95591972987109375,-0.22714883147100062,-0.35603021813325497,1.0232301934503449,-0.85967593929229391,1.5483854686275098,1.8681464249564712,-0.79598199116540258
-1.4505842095074648,-1.0917763649778043,-2.3636671141250751,-0.63963531481908964,-1.2121687614611176,-0.19978988197694636,-0.84738867172368715,1.8012955158883019,2.180443119521692,0.030500587170292526
-1.1082150987491799,-0.19259097645162421,-0.41107694724311594,-1.5065257816004338,-1.4208084104742129,0.96720750871718775,-0.40274599788620408,1.5426045551349801,1.7279566490491534,1.08441302586446
-1.1120991918902861,0.32960087770786617,0.051939432193983337,-0.31930995923603711,-0.72244685017789401,0.80174412521324512,-0.31292978246741288,0.81458195525725829,1.8040559907382554,-0.63886902489990405
0.15705783377501137,-0.50913013898011128,0.41190283634759894,-0.49117055816830013,0.82450782422071733,0.25148971895877947,-0.15471087407166229,0.42681180145244352,0.50610964672430381,-0.036899593201848491
0.63806580211238062,-0.063055348637462427,0.2238433212549559,0.29569595041840557,0.17124335652755787,-0.58859949778978948,-0.31267178840430876,0.039097903940949086,1.9408692837915051,1.4932660038189025
-1.397388813264824,1.2697475151490949,0.020242050714842322,0.93381614848307781,-2.3943002485772364,-0.38363673402930487,0.47865603718832322,0.37453381273380415,0.79262587593645761,1.8800378647055807
-3.1528144993896139,1.1805870695136527,-0.04007075747321831,0.62725753708403387,-1.4706187781949884,0.81071079175640537,-0.67070793430616149,0.96306319549508479,0.76462288928577959,1.0308708864073917
-0.23159516070827801,1.7440209774953284,-0.2004614272673251,-0.021448298123185938,-1.4008516614272435,1.3416247883006029,1.3176085076945219,-0.50625574936331308,-0.51107143055442161,1.3507432700775892
1.6316086744928708,0.49999909873758597,0.65246351697878036,-1.6317162250269859,-2.3504574605364428,-1.3822566753928278,0.53341307629076706,-0.60993720108958516,-1.0450279971902636,-0.86291441334649854
1.1170439009047159,-0.23557348583337367,-0.91025567830941823,-1.7570842133367364,-0.10607589454592925,0.49037272313884772,-0.26056811969090971,0.27180478216379,-1.2514760250515584,-0.13231412270536991
0.54761806439017036,0.86105566562955005,-0.48117279894813414,-2.5428953074949545,-0.98506267347227716,0.42102845827575497,-1.3968930331657279,1.616124280900314,-3.0552779334649509,1.733518211323509
-0.73778504545894319,1.4487138094661269,-0.071858416627875316,-0.6915485212192527,-0.9128414652336061,-1.1693616661704227,-2.2712670930994996,-0.26782590699080788,-1.397403055286299,-0.58748995749247701
-0.56984592594789962,-0.33443847573890595,0.46591281537727691,-1.6474131253115163,-0.57902258648238447,-1.3366743850073735,-1.5151910151891306,-0.29368698318650266,-0.45267284549099257,-1.1848035340472052
-1.1201882268402297,-0.096648080336473416,0.29463832624490577,-0.71218520305039534,1.1772546856939354,-1.9422253051881835,-0.95805462954353682,0.1627325715301785,-3.6375475642599215,-1.4993798635799067
-0.035547548213143765,-0.51703931325465591,1.7775338420803941,0.75153291678518852,0.45927143248387481,-0.32526127669651717,-2.4749960544671188,0.79811184319268969,-1.989059239934595,0.73902783649642456
1.4933220108561103,0.78888810880015825,0.10742330670627376,-0.21379903323592842,-1.78252695007206,-0.76075355085628993,-1.3223163017578898,0.76764604926260371,-1.5680416265183825,1.8902794361678221
-0.1984991466294509,0.38656881894346468,-0.12802891892242707,-0.26027790304562315,-1.8362507796862162,0.0097934048499371817,-1.2587402133681813,2.2285271798549031,-1.223108069373624,3.1480104917024563
-1.2371490198932549,-0.040785190700265012,0.96992972527486887,-1.31386918264473,-2.647500766424256,-1.2346808165443548,-1.6643331239198105,1.9013365357830612,-0.23255375448318139,3.278239898040038
-1.9125882579863269,0.35527396764662805,-0.9817491415139713,1.5871764332695033,-3.0387097072236076,-2.0685643972185428,-0.86012101113683925,0.78295135160729989,0.79037452418816678,0.36120721245100817
-0.89014612531555481,-0.19765656872098955,1.3650051007438364,0.44255066259889836,-1.6195276979129001,-0.61236616146188516,0.3844095260387011,0.48867621671170536,-0.17407877103097458,-1.0820027460554764
-1.8540572898962235,0.6683025042524533,1.0247031380366862,-0.21835487651503008,0.3521981948675319,-0.00059065615458342435,0.76469109265038482,-0.13817666319130106,-1.9153924206778785,0.10582382376541599
-2.2141123983392159,-0.54552626732855702,0.76663487711076317,-0.69383245607945465,-0.63211731037323193,0.89293054655356696,0.37721692871513746,1.2027432380833336,0.80929881575444096,1.1230070139505379
-1.97171370879289,-1.6887543134080891,0.24628589348134328,-1.3097390215575158,1.272507650217837,0.96615262290326709,0.15514262868757786,0.0077542707322868498,0.51457833830186639,1.8802779063752553
-1.9784333430925507,-0.73444566320994376,0.6822152073597797,0.026296526650150809,1.8225862671255262,1.0812811904355053,0.079641812222425681,-0.27058343670371959,-0.40701830358641061,2.9441175148901153
-1.6057709058309899,0.77609667972107199,0.14173751823688921,-0.04689037978588647,0.67990277645835173,0.43031919274720859,0.92517510193651953,-0.40007537183536246,0.90856074589723534,0.78166069192277543
-2.3809374593360211,0.66623887529290893,0.36968755137833981,-0.51011179387328687,-0.23345018920271637,-0.23583157901163529,-0.26920885992140486,-0.023348993462732309,-0.38859493773817988,0.49102226673095417
-2.8304310787596272,1.551497885425392,-0.41588755354244278,-1.4820835760035356,-0.19854839530913704,-0.40151787104546272,1.2191344480806352,-0.84857461361135145,-0.66741226611749971,0.48131107136067719
-2.9609755727164955,1.1661163036902162,0.021976848524589171,1.1006370954683606,1.5129905594873301,-0.76313278956205122,0.67555505726238618,-0.98899198212089545,0.41697503252881452,2.3138968435472145
0.45721733954500987,0.7474579933479264,2.4751911675535565,-0.051460512169197559,-1.2253919309276711,1.3855383768615428,0.81855747228523235,-1.0221997750756291,-0.697554905528456,0.57731909552515803
-1.2106257487909822,1.0002656471008311,2.0889291673059156,-0.76953510862516161,1.2568392326826128,1.1345616117108763,1.1289611129648423,-1.0375494961656466,-0.64390026285724189,0.89877241638686978
-1.1615771147372529,0.67537873782576618,-1.4446416775194877,-0.84134647694525933,1.8971483689890483,1.6688128460135299,1.7293474328443064,1.1418297038389074,-0.36851047793164304,0.25515055469826842
-1.0533948321225552,0.9320547445349272,-1.3084235183379465,-1.5447789226951463,0.027906082992751768,1.2788996561156887,0.31820902219824665,1.5040912358273428,0.072402866456256376,0.87981721227675513
0.17371256147397485,1.0253997838868933,-0.85361186183017967,0.043888786605531749,-0.56552074766289839,0.45919274163511603,2.3679396186277186,1.3511549969433951,-1.1017646936959313,1.5671279208738107
1.540561965779141,1.3352469300291103,0.63205566928143209,1.1785854510586684,-1.3178733063551598,0.12919098409070795,-0.70928643708238903,1.1301806807970869,-0.24902009757773802,-0.47243155376590096
0.230861356440758,-0.17145702766499749,-1.6333543435049362,0.23189031671610644,0.51443865055265026,0.68130046692099411,-0.7759509459931424,0.91488956082873263,1.2466501816094373,0.72778533627779418
1.2045652633247426,0.43839240787646366,-0.49597886131855484,0.22234996874099883,1.3057179116631183,0.52926877985619258,-0.573602821628028,0.021119816034876948,1.8866919424580626,0.9297031939480539
2.0408947095636956,0.88625585949946739,0.74215106461671887,0.14775007965107345,1.4563866765383862,-1.2362398216348909,0.19630725006872646,0.4343363648555878,0.55576746490864593,-0.33905257408801109
0.13427040117093481,1.2680899485081492,1.2629958826401591,0.89076289097844752,2.9065416587273809,-1.4446216047192149,-1.5068282218864526,0.65149736908817424,0.88714533317859223,0.3700087327314362
0.70274579361263911,0.16413368875167206,1.1288376933346205,1.1769206297135151,1.5682447218482736,-0.53931183487148227,-0.71199542460780696,1.0939852524253928,1.9501135171649988,0.9765291885054852
2.7671675979436769,-0.63895669744930439,1.7493981023725076,0.72253550296135027,1.0837507071718617,0.055824875971811572,-0.020215828648955769,1.7615149951592484,1.8654922253376687,0.23093711918663445
1.6298275697486238,0.071053167977716769,-0.62906146004531482,1.5554232475651726,-0.71840593151387022,1.7145522461674154,0.037704207213218134,0.42861644583531772,0.37012476801402894,0.97378510891374925
-1.1693929054947194,-0.16765136569060055,0.62812135688568016,2.4614235162398668,1.4388322836972083,0.74417948608990581,0.93934063532470469,-0.016086566697844584,-0.92473483909713594,-0.55055548022035106
-1.9032855662261277,0.17375817033895496,1.0750443483677394,1.3189208336548768,0.56421264220819978,1.4391826567318242,-0.73806020218631863,-1.2173585428064746,-1.8674432677672752,-1.1510642307946537
-2.7581852771279989,-0.98667754203671765,1.4743634062235009,0.67056493547946616,0.92780681208706239,2.6816230087007709,0.11026530665969064,-1.8696664694545726,-0.75422632548202628,-0.37151996893708217
-0.88324532518075194,-2.011446965265876,-0.5447235715184835,0.6265076217292318,-0.25914410694214918,2.0543906461022607,0.79372694796214549,0.25160116007340783,-1.8112487415325615,-0.76079315347223075
-1.0958042585966421,1.276508037820882,-0.20966128405210183,0.47186422062836553,-0.091753244093436132,1.1824620008092939,1.0299424149153718,1.9111764691180793,-0.16866291833119884,0.62088896381675862
-0.89269697597372,1.7875055356473091,0.32227187711503624,-0.85976281533257848,-0.84608234152867146,1.3791917726609619,0.09496122160800069,0.43709317527174718,-0.060313064737846728,-0.43095933377168288
0.2668601530522533,1.8942594498348166,-0.091716736234448537,-0.45926837936901582,-0.52480731505034406,0.30206885128203842,0.71615650082763871,-0.69548775524659989,1.0617236718316356,-0.32276192702654577
-0.48266994818982584,0.057668803365044652,1.292098285080554,0.72842845585819882,0.65629008474078931,-0.82012962959221747,0.14459100243679288,-0.078707080383268568,1.9967175445113621,-0.54146089807533671
0.20913295800809081,1.1479570247394608,-0.20631834203283039,0.41656805444847361,0.90385761565849565,-0.68568146602443103,0.031260359603922337,-1.230010988481669,0.63521535124502426,-1.7926476054525062
2.1771604622059209,1.1855280830537807,-1.7247445374412329,-0.26892797660426981,0.7100665119323204,-0.56887062960777091,-0.11234631223433221,0.081603205696852421,1.6593100853065212,0.98266769983685986
1.3928711763390487,1.117468155733,-3.2462606895510908,-1.5595389917104097,0.62498053066261239,0.28432864456178458,1.3139697128182644,0.01200415651619641,2.0485735283548663,0.8015027637231541
0.55406853810820866,1.187400860539948,-2.8981909605946177,-0.47118303886683083,-1.7063641817576558,-1.159483745079775,0.2741188664768916,-1.1441047129965503,2.1209348945253899,1.7612905029037047
0.67124397757844489,-1.5996663576750225,-0.34554362300982122,0.94895519397913886,0.62939448202876092,0.83786249624146203,0.56641799163164352,0.62092773482248775,-1.5586702192250228,0.44430843565769629
-0.97550768896908391,0.16071935298155149,-1.3346251989835061,0.17259249309091068,0.58761770818813908,2.4358817361308507,1.7700072320901805,-1.2158261385664673,0.81094449717137107,0.68331830316694364
0.54822792195836034,-0.50233495378809456,-0.7506720784849108,-1.2038421847845455,-0.59047697753877471,-0.2837037616373046,0.56958426283471875,-0.99022782645622365,1.6750111531817384,-0.11685634900613817
0.16073811081813871,0.48668140199064691,-0.95081051570603714,-0.91064735605280722,-0.32225967098824398,0.39044458283444816,-0.68718609664615404,-0.6776183890569657,1.6724855793142552,1.1132319954812122
0.1642873905717844,-0.25917557558621074,-0.42354845472279573,-0.24259131276682211,-0.99486328511506916,0.3149746382620181,0.12433904454900035,-1.2564418001775632,-0.43422266207409721,1.9764056076767069
1.1691205514547907,0.6252994848516984,-2.4020566310854359,-1.1546532312039322,0.086389567818077939,-1.5915492778510161,-0.33085312027351199,-1.2891639354299689,-1.3804473207149415,1.9426113901016604
-1.3393747750169696,1.1559599555320839,-2.5109581224524118,-1.1651665631038521,0.39300356267777009,-2.2017877289562686,0.98354893569907342,0.031635329618232233,-1.4148919368932522,-0.9640246171596768
-1.8471052121515577,0.20477822559134795,-1.6563179578765321,-1.1538176698485954,-0.56641401092354327,-1.0368054848250035,0.70461715787736046,0.93390375410984205,-3.1032832045533869,-0.16194836503128812
1.561276726512848,-1.3197407664515359,-1.6296540052802806,-0.031686748846474488,-0.11756766255559314,-1.3641809018087123,1.4063560577948844,0.084030073399050664,-1.8048084845385437,0.35874395674867499
1.161872509087964,1.1785559501498593,0.55584836766053147,-0.092109980881343562,0.93190787423963251,-0.16452074572611308,1.0026128703604553,-1.0952044066833662,-1.0918382899143513,1.2148164840133955
0.84178608742639982,1.5694484572020069,0.47698700689127405,-0.95730469855780309,0.24527623872354631,-0.99324565626679095,1.4555169920701694,-0.39581906349479634,0.52629299053601053,2.0453613883152757
2.1203176828460109,2.7262192586362093,2.4147975740002936,-1.3702775930945625,-0.1768266976339738,-1.7444308474298424,1.7725937240629506,0.16735324026049009,0.74145385307965928,0.25071669316275624
2.1448605119753763,0.2322875917419176,1.408125156150376,0.43103547382663354,-0.9080063474147092,-0.53594582423579407,0.093853261021220824,-1.5791769338095805,0.10755674026923978,0.18888555363667109
1.0038331848146629,-1.5412771169414134,0.95499855816704415,0.58526472814248154,-0.22970220214590817,0.58196747933909077,-0.16590026810074873,0.29910231819878963,0.14539564964450458,1.0715037957016584
-0.3553527369250723,-0.61307968094277832,0.4624627637536991,0.079370087186726057,-1.1882893213221442,-0.15654956295087685,-0.1433364034597758,-0.54549749355133614,-0.40471178356388349,1.2625702464356781
-1.5237751143005924,-1.2799321454373143,-1.914529099459009,0.46359546726306611,-1.8821440580740392,0.21068769782762636,1.7602836241550628,1.020761320853119,-0.21896418916970972,3.0292430525873231
-3.9092460959729944,0.13684110959225504,-1.3782944312736531,1.0517143388388452,0.19376424731946673,0.53914796885877414,0.52855094018205317,1.6303050353523569,-0.76324762181998818,-0.16923516346973111
-0.72201222243639362,-0.57761415977537511,0.16192020316321631,0.81849480257862561,0.06000824576624899,-0.069695684621835507,0.034732331902341096,1.0833948675019833,-0.35543405080512031,1.150140116511186
-0.14123235427488892,0.4132679492223737,-0.76145477786855142,0.85253823725575373,-0.9656017303307951,0.61524864676873336,-0.34630281382821382,-0.38874572318452094,-0.53689288586690287,-0.7723848179513646
0.63213782556375797,1.0838152134218026,-2.7496565816340568,1.0157446087208475,-1.207999472657707,0.7217227069168477,-0.86288213498641764,0.92887172422130759,-0.18780637244877321,0.59552389339533274
-0.63443246954958987,1.7945686816205422,-1.0074893712301287,0.24361290054614965,0.22998993525225131,-0.29124649035161754,0.07066783340146382,0.51979121253530314,-0.14978895014792337,0.44370275740765541
-1.523260312293103,1.2567418685087479,-0.44088150940724125,-0.22638300451347623,-0.047867359020253492,0.70159784799631919,2.2543989456391431,0.4757864723198838,1.1831117082883491,2.1626563369425362
0.45835038437257491,1.820478015686199,0.14588314256218338,-0.40591735568485421,1.7688027682659615,2.3198063988114339,2.0739890039164601,0.42678120494134514,0.55466144939793927,2.2786009930283178
0.41865011381704198,0.54223709139277099,-0.30466514496412578,-2.3848928721063367,0.30587528046124657,2.3662480240443173,-0.5319263879991778,-0.01980350134090092,1.1170017244105381,1.1052731478153996
1.4932337963044255,0.96093006690534966,-0.42646926681717362,-0.91475112201947062,0.32061614316475273,0.14877075260867012,0.8023063628589896,-1.1470507199629998,2.3617164281687524,-0.42323952902858553
-1.3205906837985089,1.4419060244406678,-1.5603721472098899,0.23838129941376485,-1.0947437808180058,2.4240509781865915,0.4381825174565846,-0.64600530070612283,3.1770795338219879,2.1295283940527376
-1.0947335211008604,0.17283814972508604,-0.75408812214325716,1.0090826055874751,-0.08749819973747075,0.89287549405041067,0.72679665690867523,-0.22995988453575972,3.1959341661510061,2.3844455869040004
-0.72919938469740631,-0.19854647978899792,-2.0355846814077632,-0.016001521291264309,0.081437017902812242,1.2059796800317089,-0.44141968829754386,-0.79821458081234131,1.8009826118803069,2.2757329696163833
-1.8477724311814667,-0.83064317732959136,-0.56659419620654339,0.57396457454005489,0.5085041536510746,-1.2298415937520977,0.57208641685138972,1.4966874539772057,1.269750964397196,3.4818800280170863
1.5332187830009372,0.35660681991928295,1.1024645397581556,0.81926123812831375,0.59491881960872683,0.0095674858028597098,0.5362536542109686,0.4475311020887926,1.1918546844046345,-0.12061750779854763
1.377460115847901,-1.0110734104169585,0.63421471126379125,0.33535024711813832,1.1203224510053149,-1.7435987798379762,-1.1675484448903797,0.44853055167379996,0.83091664436476775,-1.362968337624384
0.34786118253003329,0.7621612397107379,-0.14592828159512078,-0.091226628680414701,-0.23116660250470777,0.40608927828405628,-0.69180833935054986,-0.063389421400795232,0.47658141775382251,0.18196774394417981
1.2301416650844763,0.83085704813465611,-1.9036963469011494,0.43570698587319823,-0.57327933644058771,-0.64097033240910584,-0.84146799901218383,-1.2407086297420902,-0.94386175713039,0.76950133928636588
1.4174738037171828,1.1364482651482308,1.1846808414249583,0.41916291884493162,-0.74925992936257813,-1.5638688940699761,0.51335913876599581,-1.2325340521158927,-0.97337029666797548,1.4611996738760502
0.3736138476594591,0.42014273036227945,1.0809605797355708,0.46271529400160488,-0.12281903305666475,-1.9761991912600811,1.5139087941139642,-1.9928416790199874,-0.19302653907151224,0.71585170399020892
-0.53950553679282809,-0.17582239175109682,3.163324526743438,0.56199204823920923,-0.51205658718694591,-2.3977150993830771,1.1036104079982132,-2.1929158836180096,-0.0086050477217186339,2.6614567606293842
-0.040179763819990555,1.5625243342235842,0.3351970755964464,-0.49404171656850532,-0.69420282568155656,-0.69921192281031241,1.6111464694382038,-2.4779309354576426,0.091476476026517595,1.2572975181397574
0.49981506654246066,1.7741531959725965,0.69028501361162575,-1.2189697960631618,0.39373787824569156,0.34939560143692949,2.2539737454236684,-2.1797660375882297,1.213428912743399,0.74391902950486
-1.7250106735694652,0.61934829017241944,1.2850877463972998,-1.4463067798119484,1.1399595709173438,-1.0227408750849407,2.0613585657325921,-2.2923104466472526,1.2993174905177194,1.0941915711390322
-1.9401892432313279,1.2535390027725368,-0.033776770140448997,-1.2000974564736362,0.19139164131300657,-2.4010340233539029,0.7663618632109922,-0.96913767505434323,1.6315659401487967,-1.1836807406496961
-0.76169395787060112,2.2527541014512411,-0.27414535731402484,-1.0184913553131147,-1.3224715832423677,-1.9227936675004405,0.47090294632832019,-1.4445081342094936,-1.2496282797761948,-0.57795983989011945
-1.0887850692620127,1.641645458244807,0.66937089153075868,-0.056795489443284386,-0.14469747812252831,-1.1932795021905693,1.249762077732161,-0.1290715539458005,0.72389838436301546,0.6150541605623272
-1.7208991046131052,0.9878244476953888,0.18270516412193871,-0.34917806479795543,-0.10801779174951701,-1.2370969575453332,0.233609022024232,0.93291825032834708,0.24635390557482656,0.29220812274607727
0.037871636389239849,-0.2269131875575191,0.3176414599186258,0.16908409834544813,-0.20691021194065912,-0.52507334850367937,0.15616428180712863,-0.35910643820149279,0.68740965886819583,0.65684126667211717
-1.5576274817849491,-0.082606263890022694,1.0114423575757394,-0.46216737729883045,-0.56116717356002821,-0.65435836429568239,-0.92939122826936504,0.19777644881176853,-1.2557658803204261,1.8810360041086227
-1.3722431808966293,0.64805626338834854,1.0735693923004881,-1.4249914535682604,-1.4418982994984362,-0.98364877004704687,-1.7778812298354958,0.90111496959026027,-1.524252395211682,1.2490132590489851
1.2843537519897499,0.70542506339326749,-0.14440377449841713,-0.44860762033918616,-1.9400403544702938,-0.21959869989863412,-0.24711305990434407,0.32430395584876015,-2.4902159984828818,-0.17216710123001666
0.96838860640853963,0.78869055449142911,-0.10263332035974931,-3.150652779171772,-0.69136511458807415,-0.75015834111138591,-0.062843819364657605,0.74803860211676387,-0.82753582732668574,0.7193281492176884
0.64223958589438801,0.53377589000400461,0.64286087699816685,-1.0781417055711422,-0.70989009499676892,0.8870330259237823,-0.2141342519319018,-0.70721937739181184,-1.7951261767984281,1.7336326025210482
1.7430076520762563,-0.7687923043322793,-0.014383541210947093,0.54193596682445044,-0.89017956499129891,-0.0090182911551257572,-1.8491478047378809,1.7423374160303313,-1.964852414258351,2.0709754854027
-0.54688446535679691,-0.78108924602648044,-2.3677730364461342,1.4296545628743147,0.39443472619520004,-0.12065785233891971,-3.3848718405036284,1.2917374804846249,-2.0932964106577181,0.73073043129855231
0.37757440587536878,-0.22637856295075975,-0.57583459077647736,-0.036920709765621229,-0.79977640791708726,-1.6450451158875572,-2.9668202739935658,0.99580448594979243,-3.9981742951097821,0.05759590377216478
0.61572193078661808,-0.071581592355358242,-0.62971796661566415,-0.2207263244617936,-0.75780473365595924,-0.24246414128022853,-1.7947505061569038,0.58166891929574094,-1.8727296502726212,-2.2304370062754626
-1.638361327872679,0.48372815051531981,1.1184087430338074,0.55123269438831024,0.13790889298779707,1.9243038026717629,-0.46563739534779686,0.52070693237342236,-1.7247858041687603,-2.3041049665679605
-0.24494428448290551,-0.3471493791700721,2.4195278634011386,-0.77294831067339675,-0.35160700434446085,0.315551173557301,0.25911584708522717,0.47039456653290301,-1.6374015221261065,-2.9888987917163918
-0.6288176724527883,-0.60971069261240318,1.4113858553238101,1.2046697550668972,0.68622042272935124,0.71910390308407135,0.41832283337605891,-0.67097397185707996,-0.28092824959121909,-2.1934636407166512
-2.2730936394364631,-0.98617474022642992,-0.18178042990340404,0.083948220705785559,-0.52043962026580237,0.45082886762992475,-0.92543502655547416,-0.27092996718207951,-0.93497370821625125,-1.3527637050025239
-2.316247098817195,-0.97344405126712164,-0.19441047509536211,0.43821871826475695,0.2393975978913167,1.8185390714506484,-1.8367753921680954,1.2275257329238882,-1.9933008104995986,-0.70995136177559193
0.19086097372979371,-1.7620998243016932,1.8046626146615974,2.0790997509180484,1.9823928421604566,0.91418457818329346,-0.59432367243154327,-0.11174746472833441,0.23871278963140852,-1.334417090661663
-0.66986495190850237,0.11694515862965504,0.53230411906922992,0.76699797950273396,1.6538286160630729,0.91434061930289179,-1.1141847868849934,0.5896242542286434,0.74707285883884011,0.055397158905607147
0.78726251936812508,-0.18314872653287248,0.69061955014540422,0.14731381785542619,1.6518610294141542,-1.2150522807530584,-0.1445948716596549,-0.53333438309182779,0.42084187101425008,0.78648221564835397
-0.078324302747833308,-0.58818114018727863,-0.23656956942678475,-1.1218353168674651,2.0205514930028698,-2.3378471288346394,-0.45492060338654655,-2.0942300585707727,0.10023848284597879,1.6680578562231019
-0.58477962013987228,-2.5626072418761634,0.75710549971701369,0.27342549406940497,0.48002323379190404,-1.618186951645632,-1.481967975922003,-0.97644585889816315,-1.3496534224244217,1.8625687614719337
-0.098328404121475255,-0.97107348368790225,2.8823255450729275,-0.23099303276865063,0.55357286771778669,0.60154853302923283,-1.4811175455486383,-1.0232912199527402,-1.2858645740160031,0.71088241421718579
0.154532517929482,-0.46455556347400961,2.3591135024985364,-0.65422944355885748,1.6581803350079185,-1.7670262799625449,-0.98272668590051404,0.27280790802738741,-0.15448050071928782,0.86759920609749175
0.98291921905029633,0.6333697392113844,0.14741092496142372,-1.5891971958793882,-0.09570439782444462,-1.4547686650114369,0.56990518898062947,1.0551918315964255,-1.5716235200900996,-0.03335326642860631
1.9958036000148389,1.401445104801001,-0.13157338531680812,-1.00845913400495,1.3796406963135521,-2.2211583745534171,2.1012275109641489,0.085374135533810513,-0.18020013134424173,0.64460218767638877
3.1250189058908551,1.8602951604900031,1.2138404178589774,-2.0859466472069679,0.49605813331395332,-1.9947682784417919,1.9562838332103865,-1.5913498373748316,0.22469596931179098,-0.99322394066999886
1.3253159760497397,1.4862232530200099,1.1806412189811062,-2.9816362324035035,1.5651386023176033,-2.6285324509131458,1.2742089671281591,0.033721714415740567,-1.6067963731032762,1.6257362963203763
-0.94961891851901148,1.8500187178382053,1.1759656751754037,-2.4007284499550394,0.65319135496954472,-2.034787011827512,3.0144620313988257,-0.54849285110892287,-0.71144925958774485,0.95001315547986387
-0.95597666071289944,1.4769191584770516,-0.590027386204097,-0.55362864835115955,0.26165744502054838,0.42420827686690799,0.89172402788772165,0.084483954145666951,0.57138671664394713,0.49302225145902689
-0.34853171382565112,0.33726865203287248,-2.0035254197795593,-0.40204117861521993,0.1813010697729896,1.4557246720997421,-0.065641696009791528,0.52939952136356661,1.0613947986287389,-0.3843159713619258
-0.87378626318160402,1.073075373451347,-1.3074926798845246,0.68290784764170653,0.13524938797371971,-0.63226786354037245,-0.13063912714589415,0.93594820082426966,1.3652499616840132,-0.64816114239033062
-1.4564552119711407,0.79727049930070237,-0.072050354543577444,0.85572906685763961,-0.65928602660563018,-0.80830411669186764,-0.40162143520861293,-0.84683797215300671,-0.15302345578076637,-1.0177388387795911
-0.74475352089629654,-0.021562453957065797,0.61686106527166285,-0.45795087990348116,-1.1435126200923453,1.1503227511279479,0.45460325462539197,-0.59507908400254705,0.23111340061457958,-1.781780686244135
-0.62815926275213019,-0.34540933078734293,0.42088708099209005,-2.129099378309574,-0.98637228211437822,-0.95387762403578114,-1.3111202546745426,-0.24865526867534563,2.5031132265338294,0.24038722421998726
-0.38320795158223842,-0.90942420662332057,-1.6633334772992892,0.3681962388607225,0.53686820540491698,-1.7263390363167439,0.13780259339761392,2.03477211363509,1.8498885190386301,-0.74379788474318098
0.51575975446744016,0.2328768251433489,-3.0033958338938831,-0.44914005328210715,-1.0822644065553852,-0.78397013354153122,3.2148255342794414,1.1209503621398014,0.97502444184070836,-0.97286883236882327
-0.53441472848486504,1.1866293865458728,-1.9685210628398586,-0.23498020354596236,-1.2136659352443986,-0.4010342659988298,2.1230533490994321,1.0991308937669169,-0.36466782724657165,-1.9529589405529708
-0.021990075101462697,2.0979710280709463,-1.3846992581561632,2.0716562334393887,-0.60983558552436756,-1.8746126786522903,1.6419555890920519,0.99942252726329439,-2.5739737978371995,-0.78107099840458449
-0.89743611856218897,3.3150390648218409,-0.48548994979759885,2.1838118731041045,1.0929859905199322,0.16321908651396866,1.4078972313142466,0.7725762775731928,-1.8099838813089983,-1.1178792623166871
-0.95438050043484224,2.6410941721139825,-0.92819790472364028,1.0348865933031699,1.8192275555455888,0.19351596561150669,0.13823955525906184,-0.1456000631897838,-0.70700445146585444,-1.7117994506031695
-0.023929190072051687,2.3135353924357078,-0.44348637446957362,2.4638974517868459,2.6534765669501374,0.2589998231849312,1.1439750060564782,-0.57138438300050964,-0.9126261454957324,0.65058415651357726
0.55047443002466057,0.38326038119406625,-0.43349707333179921,-0.19640544260336168,2.4336775061567177,2.2783497546570222,0.78269446980423507,1.1157886234793417,0.2911721083547732,-1.9156737817233167
0.71482886356529662,-0.67958357701319494,0.84895057614700709,0.19317476211995055,2.6739080156220418,-0.26759995183931617,0.66212136291665025,1.5991307020025221,-0.94532643598894728,-0.23481942366605513
1.7906248681244992,-0.85181990754720083,-0.89105830260636265,0.52309225168580475,1.0338874247450529,-0.18830601563599625,-0.32104706022189855,0.077692615813122257,-0.12094495770500818,-0.023117419521339097
0.61067468914035428,-0.85880401702157916,-0.51518750037278749,1.1751355267096735,1.2381903664741625,-0.22826944717300679,-0.4309954970563693,0.44177693706971111,0.13494345373177299,-0.33939358396279973
-0.078136580884549056,-0.5853329725534725,0.19925348227953649,0.46001968654388692,0.67263704852004724,-0.2980570898756838,-0.69864652948595252,1.1040937873843599,1.4054482322124422,-0.21613187849578822
0.14875661553753389,0.23566546355631385,0.44927541823134365,0.11712780977032471,-0.037234042393788414,-0.11070629993276312,0.44588510947085969,1.3177502121836184,1.155034504871371,0.60796460518138917
0.56734832787089029,-0.42407486437696018,0.28058836171068141,0.68455460094402576,0.5061377734621304,1.2635716935510959,-1.2817185950413288,0.063683757074202707,2.1083076485618184,-0.26804341631542294
0.24110126423526437,-0.30501782766182806,0.13277803853644626,-0.045577380973464865,0.11121176651097134,-1.2778510518859305,-0.68912920829427127,0.75580210544562165,2.8703708630606446,0.86250797710675409
-1.3115377942231372,-0.12948080291655423,0.68775410235079903,0.93976378579699293,-0.59738058393003823,-2.0383051796854983,-1.0587102549890324,0.88523959677198871,3.2616269075456019,2.465545945762968
0.28822200073873616,1.0824486923592167,-0.77284237530189248,0.61407279170432105,-0.56425985724266026,-0.97465233471139368,-0.42063669939026149,0.15465147403180063,0.85814285411355684,0.49991142267854993
0.87207166778004408,-0.17909393997092293,0.68023061267551688,0.52057949193508601,-0.008705770005350888,-0.53067403744493091,-0.022249717279958114,-0.61116440360388335,1.2904777208994394,0.014255722513231095
-2.4554817911968474,-1.7794069687503453,-0.62647942431173809,-0.7483730234175523,0.69518196287069722,-0.37367239351962417,-0.50967930252366889,-1.0374700169812785,0.29133196017342383,0.79644749435529172
1.4763818612686026,0.26230514886583245,-0.43848880007582547,-0.46563408690960295,-0.13129970811714814,-0.53507754025532517,0.207255858324016,0.75327290530234414,1.3952903364275087,1.779794698428466
0.5247309911746334,-0.37969834464003555,0.76308604175754891,-1.162216172070603,1.5750647585957132,0.61755070021477698,0.28273398851475218,0.70193878552426447,1.5217510737234847,-1.4878431848734861
1.5043246162435671,-0.60081433033445553,-1.0259011797832003,-0.37964690720074357,1.1902243422362937,1.7456411624491439,-0.73370645810680679,-0.88033163281779214,0.10738436339496593,-1.3462405904689023
2.0233913509605941,0.40464282293163967,-1.3819695238609526,-0.40625030653698746,-0.030868994280894624,1.5500840510569931,-0.022838393356804598,0.08637737090067743,-0.40858346241369292,-2.1566269687192574
1.200114128966411,0.53741693115714728,-1.2683013562807428,-0.54402644274193002,0.21547168119149437,1.2121076472529777,0.11184958169996767,-1.3303154044494547,-0.95649895451939893,-0.35761876309597596
0.6470198404334121,0.63086187753861767,-2.0047351765525425,-0.94830428836583547,0.51414906689146689,-0.079085419496953357,0.51946489832543585,-0.62283286841614394,0.043655552776148965,0.14747913207599694
0.7654788977891509,0.74139928048780923,-0.69723634018442526,-0.39036877260583225,-1.913870272435547,0.17865409747331684,0.74362133109913375,-0.63052819126376092,0.38662057398273364,0.067432470286660939
1.1634749576693946,-0.46095281677855854,0.069011949331749201,0.65666253740955416,2.6639284097785407,-1.792804237321205,2.5793605624404186,0.59096312732147194,0.61084179099164682,-0.040655596426024995
-1.6751564828704568,0.16670450676578677,-2.3360356326221039,1.1700841456135118,1.7028990254899865,-0.35543436992895749,0.47521311212150819,0.52656371191267037,0.42934909902723256,1.6238518537951934
0.19057094478081638,0.69650145001047759,-1.6128509996590541,2.1543400238356605,-0.10034874219839973,0.18840090310249186,1.2350532476873175,0.061435983541109268,0.67874834433001696,0.40758730331595378
-0.18476638607108337,1.4667875919234037,-1.9332486818248156,-0.3269391270471671,-1.5199352792521763,-0.62107245958900748,-0.69341178427178418,0.64213660915884518,-0.32222199391080492,-0.46808986827856836
-0.3953142915268566,0.16542157754563691,-1.1786897979896391,0.052383108330097183,-0.4836358889716646,-1.0651659602737629,-1.2353251423842235,0.25038446737449133,0.47856905549097695,2.4081058735169236
-1.3130039836175471,-0.1009740102654148,-1.6584774055613247,0.97396037693914239,-0.14163786368134862,-1.2963077805698129,-0.4595114345622508,0.429862585253731,2.9432385963384489,-0.27663204478386549
-0.27434955898564733,0.44558109430300175,-0.59682783504081638,-1.2134354947854142,-0.52932312393572056,0.77495876833885946,-0.51145762256635952,-1.0412058611765169,1.0370490196877988,0.2776190190424549
-0.65627138340954805,0.40200360152114889,0.64680534435306791,0.21145714276745542,-0.95631636932360009,-0.52836255311418456,-2.5376007170404762,-0.44077370685931261,1.0016302356639959,0.18076190364278621
0.60098671993292596,0.94749285826954188,1.7715588518068879,0.68407100850626645,-0.47961773145840808,-1.6239513471736666,-3.0836326914621983,0.11971240162326602,-0.34306543418949098,-0.83107712220038654
-0.73338592479306941,1.5233355527346486,2.6941678664941158,-0.48225741813130263,1.3862458254492014,-0.72234568989064107,-3.528819720034118,-0.88951839569414182,-0.35987817852378778,0.35939116981799191
-1.5736253145613683,0.50635015958399188,-0.10919654165544768,0.60107669841904454,0.58703473366230718,-1.7666863165518367,-1.3356801409859222,-1.4726844731278157,0.44656983695778513,1.0802365691183087
0.64314126394043569,-1.3629671218087913,-0.95418773969219584,0.83517806335281841,1.2858585600255357,-1.9919502487582692,-0.79882364502853553,1.2499902460418368,-2.0198145599805071,0.38958044875708753
0.45179111705434316,-1.0980377906196832,-0.2126908302290601,0.83889153352995072,-0.3088793907884646,-1.5939775808706642,-1.1030593502067534,3.0224964769877238,-0.13151987494580397,1.4089545569913287
-0.96628811948114901,0.16588494937868969,0.58217779852739904,3.3678719264250505,0.29998548435486427,-0.28406420005544197,-0.048616108984847806,0.60908083231946375,-0.48436653476325553,0.85719222563766828
-1.1753084393961619,0.19440798162567249,2.0967672294988153,2.0453571547010174,-0.92967964116308011,0.66691212619610174,-1.0725723875861226,1.7606206841301137,0.0729642023713164,1.4023603464906214
-0.22896022600725774,-0.12569519839331156,1.3192405151356201,0.57513883249483488,-2.0201282706273238,0.88565264216026052,1.2916218042150476,0.87973313841402367,-0.012751229496596794,-0.49656994110607733
-0.59608762335460441,0.19395098421160156,0.79185850048194983,-0.60218676247952652,-3.5048020924452046,0.4596930612824392,1.2199125932781187,-0.81938270291409099,-0.62873148929237876,0.052827315189948931
1.3775860637364539,2.2056527038211198,1.0478424702681441,-0.88806333026931239,-2.2517207916736504,2.0305452703417828,-0.35764921242467262,-1.775803148784646,-1.7979316633603792,-0.91469203632519069
-0.22975961657464616,0.44335829004568184,2.6403547386330786,-1.9181010889121168,-1.2695640097232612,0.18885263074497027,0.60935538966317893,1.1065034599300674,-0.21923426831378134,-2.5035535889255667
1.0031027232109078,0.75393259418844438,0.26436546427227725,1.0506494660515213,-0.40091670731471707,0.60628290966394827,-0.28691752524193792,0.11711254624686368,-0.98130754894686056,-2.1655831832610595
0.45486474067806193,0.094191928001125191,1.5026665477581533,-0.34677128442616356,1.2956068009211443,-1.0809966554295591,0.67779001371787184,-0.28787927148522918,-0.67294249857839306,-0.47001471634304348
0.25208201082766862,1.591553001177614,2.1119012042803456,0.33848406126326352,1.7851122247270008,0.53959114297909661,0.646517019938045,-0.84238161908159137,0.59477296805203772,-0.76444583886277917
0.76006895743008118,-0.98977881058916928,-0.03592230549257347,1.5379377762572628,1.0072574808454735,1.6637075597792819,1.4721533314271036,-1.517737314650754,-0.74871454632381507,-0.94215122874903834
-0.51680407161287478,1.2754271847001202,1.258664867068636,0.88141982951827513,0.44576437993382456,1.1489597345944245,1.4975305530684717,-1.5945006869126881,-0.3601015510576529,-0.031340956052299196
-1.3654189774243797,1.6862339755535749,1.0832780730519391,0.97022234190861867,0.046973294168673102,-1.496530485904122,1.4037328045971109,-1.668187621354722,-0.97546848319928525,-1.6653432629610188
-0.85312992811392863,0.61979731666573479,1.2267345783393349,0.82810105979522297,-0.26204745465495416,-1.6993165855267076,0.85091602059306626,-0.12920569765955847,0.50776373489509641,-1.8413341011176099
-1.5541948755551243,0.032107981384110029,0.092035515923957645,2.1766936066725475,-0.11433397662495622,-1.7499193636622214,-0.44792683489113722,-0.32160581620977491,0.58289371513056143,0.0089937014915965063
-1.1919932464610321,0.15849065086829672,-0.11065094071918802,1.5823462995357449,-1.5042202869477701,-0.70441536955519191,-1.3657878132177623,0.29751343984346873,-1.1890879223440931,0.72669215580373159
0.10048219608000541,0.90586981986418924,0.67046959856369259,1.8378809580241005,-2.7055849039592532,2.0771782800745879,-1.1777894334522807,-1.3380961613704589,-1.0583187058428005,-1.5898806048591896
